filename,mfcc_1,mfcc_2,mfcc_3,mfcc_4,mfcc_5,mfcc_6,mfcc_7,mfcc_8,mfcc_9,mfcc_10,mfcc_11,mfcc_12,mfcc_13
LJ025-0076.wav,-257.6939,79.4981,-6.950392,7.2239747,-34.230923,-13.068481,-31.477291,-24.373629,-2.5261114,-13.161291,-8.371176,-7.3568463,1.8861499
LJ037-0171.wav,-282.46716,70.76801,1.3077887,18.056412,-22.153599,-16.005508,-32.817204,-21.17761,-3.5786815,-20.674562,-10.0674,-11.365735,3.4864442
